<?xml version="1.0" encoding="ISO-8859-1" ?>
<!DOCTYPE struts-config PUBLIC
          "-//Apache Software Foundation//DTD Struts Configuration 1.3//EN"
          "http://struts.apache.org/dtds/struts-config_1_3.dtd">
<struts-config>
	<form-beans>
		<form-bean name="Userform" type="Form.User_Form" />	
    </form-beans>
	<global-exceptions></global-exceptions>
	<global-forwards>
		
	</global-forwards>
	<action-mappings>
		<action input="/index.jsp" parameter="method" name="Userform" path="/UserAction"  type="Action.TestUser"  >
			<forward   name="success" path="/index.jsp" />
			<forward   name="failure" path="/failure.jsp" />
		</action>
	</action-mappings>
	<message-resources parameter="StrutsDemoResources" />
	
</struts-config>