<?xml version="1.0" encoding="ISO-8859-1" ?>
<!DOCTYPE struts-config PUBLIC
          "-//Apache Software Foundation//DTD Struts Configuration 1.3//EN"
          "http://struts.apache.org/dtds/struts-config_1_3.dtd">
<struts-config>
	<form-beans>
	
        <form-bean name="Loginform" type="Form.Login_form" />
        
      
			<form-bean name="Signupform" type="Form.Signup_Form" />	
   	
        
    </form-beans>
	<global-exceptions></global-exceptions>
	<global-forwards>
		
	</global-forwards>
	<action-mappings>
	
		
		<action input="/login.jsp"  name="Loginform" path="/login"  type="Action.TestLogin"  >
			<forward   name="success" path="/home.jsp" />
			<forward   name="failure" path="/login.jsp" />
		</action>
		
		<action input="/signup.jsp"  name="Signupform" path="/signup"  type="Action.TestSignup"  >
			<forward   name="success" path="/login.jsp" />
			<forward   name="failure" path="/signup.jsp" />
		</action>
		
		<action path="/signup_page" forward="/signup.jsp" validate="false"></action>
		
	</action-mappings>
	<message-resources parameter="StrutsDemoResources" />
		<plug-in className="org.apache.struts.validator.ValidatorPlugIn" >
			<set-property property="pathnames"
			value="/WEB-INF/validator-rules.xml, /WEB-INF/validator-user.xml"/>
		</plug-in>
</struts-config>