<?xml version="1.0" encoding="UTF-8"?>
<!DOCTYPE form-validation PUBLIC
        "-//Apache Software Foundation//DTD Commons Validator Rules Configuration 1.3.0//EN"
        "http://jakarta.apache.org/commons/dtds/validator_1_3_0.dtd">

<form-validation>
   <formset>
   		<form name="Signupform">
       
		 <field property="password" depends="required,minlength,mask">
		 	<msg name="required" key="err.user.pwd.required" />
		 	<msg name="minlength" key="err.user.pwd.length" />
		 	<msg name="mask" key="err.user.pwd.invalid" />
		 	
            
		 	<var>
		 		<var-name>minlength</var-name>
		 		<var-value>8</var-value>
		 	</var>
		 	<var>
		 		<var-name>mask</var-name>
		 		<var-value>^(?=.*\d)(?=.*[a-z])(?=.*[A-Z])(?!.*\s).{8,20}$</var-value>
		 	</var>

		 </field>

     </form>
   </formset>
</form-validation>