<?xml version="1.0" encoding="ISO-8859-1" ?>
<!DOCTYPE struts-config PUBLIC
          "-//Apache Software Foundation//DTD Struts Configuration 1.3//EN"
          "http://struts.apache.org/dtds/struts-config_1_3.dtd">
<struts-config>
	<form-beans>
		<form-bean name="Signupform" type="Form.Signup_Form" />	
    </form-beans>
	<global-exceptions></global-exceptions>
	<global-forwards>
		
	</global-forwards>
	<action-mappings>
		<action path="/success"  type="Action.TestAction">
            <forward name="success" path="signup"/>
            <forward name="failure" path="home"/>
        </action>
		<action input="/signup.jsp"  name="Signupform" path="/signup"  type="Action.TestSignup"  >
			<forward   name="success" path="/success.jsp" />
			<forward   name="failure" path="/home.jsp" />
		</action>
	</action-mappings>
	<message-resources parameter="StrutsDemoResources" />
	<plug-in className="org.apache.struts.tiles.TilesPlugin">
    <set-property property="definitions-config"
        value="/WEB-INF/tiles-defs.xml" />
    <set-property property="moduleAware" value="true" />
</plug-in>
<plug-in className="org.apache.struts.validator.ValidatorPlugIn" >
			<set-property property="pathnames"
			value="/WEB-INF/validator-rules.xml, /WEB-INF/validator-user.xml"/>
		</plug-in>
</struts-config>