<!DOCTYPE tiles-definitions PUBLIC
"-//Apache Software Foundation//DTD Tiles Configuration 1.3//EN"
"http://struts.apache.org/dtds/tiles-config_1_3.dtd">

<tiles-definitions>

	<definition name="layout" page="/layout.jsp">
        <put name="header" value="/header.jsp" />
        <put name="body" value="/body.jsp" />
            <put name="menu" value="/menu.jsp" />
                <put name="footer" value="/footer.jsp" />
    </definition>
    <definition name="signup" extends="layout">
       
        <put name="body" value="/signup.jsp" />
            
                
    </definition>
    <definition name="home" extends="layout">
        
            <put name="menu" value="/signup.jsp" />
             
    </definition>

</tiles-definitions>