<?xml version="1.0" encoding="ISO-8859-1" ?>
<!DOCTYPE struts-config PUBLIC
          "-//Apache Software Foundation//DTD Struts Configuration 1.3//EN"
          "http://struts.apache.org/dtds/struts-config_1_3.dtd">
<struts-config>
	<form-beans>
	
	
        <form-bean name="signupform" type="Form.Signup_Form" />
    
    
        <form-bean name="loginform" type="Form.Login_Form" />
    
    
    	<form-bean name="adduserform" type="Form.Adduser_Form" />
    
    
    </form-beans>
	<global-exceptions></global-exceptions>
	<global-forwards>
	</global-forwards>
	<action-mappings>
	
	
		<action input="/login.jsp"  name="loginform" path="/login"  type="Test.Login_Test"  >
			<forward   name="success" path="/home.jsp" />
			<forward   name="failure" path="/login.jsp" />
		</action>
		
		
		<action input="/signup.jsp"  name="signupform" path="/signup"  type="Test.Signup_Test"  >
			<forward   name="success" path="/login.jsp" />
			<forward   name="failure" path="/signup.jsp" />
		</action>
		
		
		<action path="/signup_page" forward="/signup.jsp" validate="false"></action>
		
		
		<action input="home.jsp" name="adduserform" path="/adduser" type="Test.Adduser_Test">
			<forward   name="success" path="/success.jsp" />
			<forward   name="failure" path="/home.jsp" />
		</action>
		
		
	</action-mappings>
	<message-resources parameter="StrutsDemoResources" />
</struts-config>